               epoch,      train/box_loss,      train/obj_loss,      train/cls_loss,   metrics/precision,      metrics/recall,     metrics/mAP_0.5,metrics/mAP_0.5:0.95,        val/box_loss,        val/obj_loss,        val/cls_loss,               x/lr0,               x/lr1,               x/lr2
                   0,            0.083861,            0.035572,            0.016166,             0.22952,             0.46628,             0.22671,            0.085867,            0.042166,            0.016336,            0.012278,             0.07021,             0.00331,             0.00331
                   1,            0.065259,            0.030158,            0.015117,             0.26398,             0.59762,             0.26769,             0.10123,            0.039054,            0.014967,            0.011977,             0.04019,           0.0066234,           0.0066234
                   2,            0.059641,            0.029642,             0.01462,             0.28497,               0.605,             0.29549,             0.12826,            0.036598,            0.015057,            0.011476,             0.01015,           0.0099168,           0.0099168
                   3,            0.056688,            0.030364,            0.014124,             0.32973,             0.62632,             0.34736,              0.1537,            0.033996,             0.01459,            0.010936,             0.00991,             0.00991,             0.00991
                   4,            0.052868,            0.028647,            0.013518,              0.3525,             0.59998,             0.37094,             0.17274,            0.032128,            0.014645,            0.010348,             0.00991,             0.00991,             0.00991
                   5,            0.051194,            0.029134,            0.013206,             0.33811,             0.62776,             0.36794,             0.17186,             0.03212,            0.014522,            0.010096,             0.00988,             0.00988,             0.00988
                   6,            0.050782,            0.028737,            0.012777,             0.39498,             0.65148,             0.45125,             0.22212,             0.03199,            0.014311,           0.0092869,             0.00985,             0.00985,             0.00985
                   7,             0.04985,            0.028906,            0.012637,             0.40764,             0.64573,             0.44313,             0.21575,            0.031282,            0.014091,           0.0092195,             0.00982,             0.00982,             0.00982
                   8,            0.049036,            0.028309,            0.012454,              0.3892,             0.63736,               0.416,             0.20385,            0.031945,            0.014531,           0.0091382,             0.00979,             0.00979,             0.00979
                   9,            0.048627,            0.028405,            0.012211,             0.41434,             0.62323,             0.47318,             0.23882,             0.03002,            0.013866,           0.0089606,             0.00976,             0.00976,             0.00976
                  10,            0.049063,            0.029006,            0.011982,             0.40135,             0.59475,             0.46111,             0.23253,            0.030291,            0.014278,           0.0087516,             0.00973,             0.00973,             0.00973
                  11,            0.047723,             0.02738,            0.011916,             0.41195,              0.6595,             0.47248,             0.23984,            0.030166,            0.014134,           0.0085244,              0.0097,              0.0097,              0.0097
                  12,            0.047745,            0.027693,            0.011675,             0.42493,             0.64597,             0.49206,             0.25306,             0.02996,            0.014046,           0.0086821,             0.00967,             0.00967,             0.00967
                  13,            0.047385,            0.027558,            0.011451,             0.47056,             0.64559,             0.53209,             0.28132,            0.028506,            0.013984,           0.0081609,             0.00964,             0.00964,             0.00964
                  14,            0.046977,            0.028391,            0.011526,             0.43373,             0.63723,             0.49345,              0.2586,            0.029512,            0.013947,           0.0085924,             0.00961,             0.00961,             0.00961
                  15,            0.046852,            0.027532,            0.011343,              0.4586,             0.64088,             0.51813,             0.26449,            0.029656,            0.014065,             0.00779,             0.00958,             0.00958,             0.00958
                  16,            0.046897,            0.027574,             0.01134,             0.47262,             0.64169,             0.53186,             0.27351,            0.028813,             0.01417,           0.0076643,             0.00955,             0.00955,             0.00955
                  17,            0.045919,             0.02787,            0.011214,             0.46069,             0.62023,             0.52156,             0.27039,            0.029245,            0.013931,           0.0076178,             0.00952,             0.00952,             0.00952
                  18,             0.04606,            0.027455,            0.011162,              0.4769,             0.64503,             0.53904,             0.28822,             0.02895,            0.013886,           0.0075063,             0.00949,             0.00949,             0.00949
                  19,            0.046173,            0.027248,            0.010932,             0.46518,             0.65297,             0.52567,             0.27775,            0.029231,            0.013967,           0.0073447,             0.00946,             0.00946,             0.00946
                  20,            0.046587,            0.027881,            0.011059,              0.4912,             0.66505,             0.56227,             0.29946,            0.028357,            0.013725,           0.0072306,             0.00943,             0.00943,             0.00943
                  21,            0.045674,            0.027302,            0.010613,             0.50041,             0.65049,             0.55132,             0.29461,            0.028771,            0.013826,           0.0071911,              0.0094,              0.0094,              0.0094
                  22,            0.045893,            0.026876,            0.010444,             0.48344,             0.64665,             0.56327,             0.30182,            0.028453,            0.013874,           0.0071738,             0.00937,             0.00937,             0.00937
                  23,            0.045695,            0.026661,            0.010418,             0.46868,             0.66039,             0.53935,             0.28305,            0.028701,            0.013853,           0.0072054,             0.00934,             0.00934,             0.00934
                  24,            0.045971,            0.027775,            0.010406,             0.49275,              0.6721,             0.56202,             0.30026,            0.028976,            0.013758,           0.0071878,             0.00931,             0.00931,             0.00931
                  25,            0.045711,            0.027752,            0.010537,             0.49536,             0.70301,             0.58958,             0.31932,            0.028432,            0.013622,           0.0072592,             0.00928,             0.00928,             0.00928
                  26,            0.045274,            0.026484,            0.010484,             0.52601,             0.64609,             0.58249,             0.31921,            0.027952,            0.013743,           0.0071137,             0.00925,             0.00925,             0.00925
                  27,            0.045418,            0.027946,            0.010493,             0.48256,             0.68531,              0.5666,             0.30481,            0.028242,            0.013838,           0.0072731,             0.00922,             0.00922,             0.00922
                  28,            0.045304,            0.026901,            0.010143,               0.541,             0.62885,              0.5933,             0.32303,            0.028414,            0.013723,           0.0066115,             0.00919,             0.00919,             0.00919
                  29,            0.044886,             0.02675,            0.010419,             0.51904,             0.67754,             0.60102,             0.32632,            0.027512,            0.013701,           0.0068922,             0.00916,             0.00916,             0.00916
                  30,            0.044559,            0.027147,            0.010172,             0.50423,             0.66572,             0.58046,             0.31679,            0.029383,            0.013767,           0.0072825,             0.00913,             0.00913,             0.00913
                  31,            0.044958,            0.027136,            0.010093,             0.51859,             0.68844,             0.60581,             0.33849,            0.027673,            0.013645,           0.0071051,              0.0091,              0.0091,              0.0091
                  32,            0.044159,            0.025964,            0.010032,             0.49777,             0.68508,             0.56966,             0.30543,            0.028194,            0.013794,           0.0077874,             0.00907,             0.00907,             0.00907
                  33,            0.044723,            0.026518,            0.010125,             0.51335,             0.65419,             0.58833,             0.31802,            0.028461,            0.013604,           0.0069073,             0.00904,             0.00904,             0.00904
                  34,            0.045024,            0.026871,           0.0099784,             0.52985,             0.65273,             0.59681,             0.32647,            0.028053,            0.013572,           0.0068924,             0.00901,             0.00901,             0.00901
                  35,            0.044781,            0.026547,            0.010177,             0.52915,              0.6536,             0.58228,             0.32162,            0.027234,            0.013637,           0.0068845,             0.00898,             0.00898,             0.00898
                  36,             0.04423,            0.027308,            0.010099,             0.49694,              0.6735,              0.5695,             0.30984,            0.027949,            0.013638,           0.0071451,             0.00895,             0.00895,             0.00895
                  37,            0.044356,            0.026577,           0.0098455,              0.5165,             0.67452,             0.59318,             0.33078,            0.027193,            0.013625,            0.007117,             0.00892,             0.00892,             0.00892
                  38,            0.043973,            0.026184,           0.0096351,             0.52157,             0.67336,             0.59433,             0.32787,            0.027674,            0.013634,           0.0070949,             0.00889,             0.00889,             0.00889
                  39,            0.044278,            0.026709,           0.0097909,             0.51779,             0.66223,             0.59853,             0.33261,            0.027508,            0.013692,           0.0071765,             0.00886,             0.00886,             0.00886
                  40,            0.044459,            0.026852,           0.0097661,             0.53868,             0.65676,              0.5813,              0.3228,            0.027005,            0.013785,           0.0069927,             0.00883,             0.00883,             0.00883
                  41,            0.043577,            0.026607,           0.0096063,             0.51548,             0.66661,             0.59737,             0.32833,            0.027763,            0.013792,            0.006763,              0.0088,              0.0088,              0.0088
                  42,            0.044152,             0.02635,           0.0095866,             0.53002,             0.65718,             0.60406,             0.33122,            0.027033,            0.013622,            0.007234,             0.00877,             0.00877,             0.00877
                  43,            0.044329,            0.026868,           0.0096648,             0.53084,             0.66962,             0.60374,             0.33752,            0.027423,            0.013558,           0.0066863,             0.00874,             0.00874,             0.00874
                  44,            0.043855,             0.02716,           0.0096113,             0.54829,             0.67299,             0.62269,             0.34695,            0.026927,              0.0136,            0.006517,             0.00871,             0.00871,             0.00871
                  45,            0.043757,            0.026844,           0.0095484,             0.51651,             0.68263,             0.59182,              0.3295,            0.026977,            0.013825,           0.0066847,             0.00868,             0.00868,             0.00868
                  46,            0.044237,             0.02734,             0.00963,             0.53953,             0.66207,             0.60835,             0.33582,            0.027236,              0.0136,           0.0066442,             0.00865,             0.00865,             0.00865
                  47,            0.043704,            0.026483,           0.0095128,             0.54467,             0.65956,             0.61151,             0.33696,            0.027523,            0.013532,           0.0069379,             0.00862,             0.00862,             0.00862
                  48,            0.044238,            0.027446,           0.0094553,             0.53521,             0.66583,             0.59167,             0.32728,            0.026829,            0.013564,            0.006943,             0.00859,             0.00859,             0.00859
                  49,            0.043957,            0.026177,           0.0095959,             0.51138,             0.66784,             0.60262,             0.32645,            0.027556,            0.013565,            0.007166,             0.00856,             0.00856,             0.00856
                  50,            0.043797,            0.026073,           0.0093387,             0.52873,             0.66928,             0.60523,             0.34055,            0.027636,            0.013668,           0.0064699,             0.00853,             0.00853,             0.00853
                  51,            0.043118,            0.025959,           0.0093028,              0.5361,             0.68004,             0.61867,              0.3438,            0.028112,             0.01368,           0.0063635,              0.0085,              0.0085,              0.0085
                  52,            0.043748,            0.027513,            0.009203,               0.542,              0.6673,             0.61502,             0.34741,            0.027696,            0.013579,           0.0063842,             0.00847,             0.00847,             0.00847
                  53,            0.043404,            0.026625,           0.0092161,             0.55131,             0.66427,               0.621,             0.34402,            0.026997,            0.013575,           0.0067319,             0.00844,             0.00844,             0.00844
                  54,             0.04364,            0.026711,           0.0090603,              0.5236,             0.70989,             0.60448,             0.33135,            0.027755,            0.013575,           0.0066541,             0.00841,             0.00841,             0.00841
                  55,            0.043623,            0.025589,           0.0091525,              0.5393,             0.65008,             0.60142,             0.33327,            0.027662,             0.01358,           0.0068079,             0.00838,             0.00838,             0.00838
                  56,              0.0434,            0.026489,           0.0092805,             0.54979,             0.66188,             0.61605,             0.33859,             0.02765,            0.013506,           0.0067525,             0.00835,             0.00835,             0.00835
                  57,            0.043019,            0.025902,           0.0090901,             0.54497,             0.69332,             0.61927,             0.34324,            0.027347,            0.013473,             0.00654,             0.00832,             0.00832,             0.00832
                  58,            0.043496,            0.026389,           0.0092228,             0.55899,              0.6617,             0.62144,             0.34458,            0.026878,            0.013498,           0.0062147,             0.00829,             0.00829,             0.00829
                  59,            0.043203,            0.026735,           0.0090659,             0.53704,             0.70813,              0.6254,             0.34985,            0.027548,            0.013545,           0.0067873,             0.00826,             0.00826,             0.00826
                  60,            0.042432,            0.025952,           0.0089374,             0.54899,             0.66247,             0.61413,             0.34388,            0.027774,            0.013699,           0.0069219,             0.00823,             0.00823,             0.00823
                  61,            0.043375,            0.025962,           0.0088947,             0.54057,             0.66651,             0.61748,             0.34025,            0.027034,            0.013705,           0.0062541,              0.0082,              0.0082,              0.0082
                  62,             0.04294,            0.026253,           0.0089935,             0.54916,              0.6857,             0.61753,              0.3428,            0.027431,            0.013679,           0.0066355,             0.00817,             0.00817,             0.00817
                  63,            0.042596,            0.025797,           0.0088364,             0.53936,             0.68273,             0.61385,             0.34716,            0.026904,            0.013706,           0.0066087,             0.00814,             0.00814,             0.00814
                  64,            0.042999,            0.026401,           0.0090494,             0.54924,             0.68396,             0.62687,             0.35016,            0.027003,            0.013471,           0.0063497,             0.00811,             0.00811,             0.00811
                  65,             0.04279,            0.025918,           0.0086573,              0.5561,             0.65055,             0.61952,             0.35517,            0.027372,            0.013591,           0.0064644,             0.00808,             0.00808,             0.00808
                  66,            0.042613,            0.026541,            0.008838,             0.53563,             0.70051,             0.62884,             0.35879,            0.027913,            0.013703,           0.0064428,             0.00805,             0.00805,             0.00805
                  67,            0.042183,            0.025755,           0.0088002,              0.5512,             0.66452,             0.63208,             0.35526,            0.027224,            0.013463,           0.0061168,             0.00802,             0.00802,             0.00802
                  68,            0.043111,            0.026376,           0.0088133,             0.54053,             0.67998,             0.62086,             0.34795,            0.027649,            0.013597,           0.0063332,             0.00799,             0.00799,             0.00799
                  69,             0.04226,            0.026367,           0.0086212,             0.55299,              0.6677,             0.61832,             0.34433,            0.027463,            0.013509,           0.0063663,             0.00796,             0.00796,             0.00796
                  70,            0.042419,            0.026228,           0.0085622,              0.5406,             0.70606,              0.6269,             0.35213,             0.02777,            0.013379,           0.0065567,             0.00793,             0.00793,             0.00793
                  71,            0.042393,            0.025355,           0.0084948,             0.52788,             0.69465,             0.62203,             0.35388,            0.027683,            0.013601,           0.0064797,              0.0079,              0.0079,              0.0079
                  72,            0.042099,            0.026132,           0.0086072,             0.56323,             0.68504,             0.62901,             0.35632,              0.0274,            0.013532,           0.0062202,             0.00787,             0.00787,             0.00787
                  73,              0.0425,            0.026085,           0.0085482,             0.52437,              0.6996,             0.61673,             0.35455,            0.027263,            0.013524,           0.0066643,             0.00784,             0.00784,             0.00784
                  74,            0.043055,            0.026712,           0.0087288,             0.54063,             0.69557,             0.61762,             0.34644,            0.027256,            0.013536,           0.0064362,             0.00781,             0.00781,             0.00781
                  75,            0.041925,            0.026257,           0.0084877,             0.52987,             0.69314,             0.61539,             0.34653,             0.02782,            0.013508,           0.0069407,             0.00778,             0.00778,             0.00778
                  76,            0.042222,            0.024929,           0.0087384,             0.55777,             0.67928,             0.62636,             0.35294,             0.02776,            0.013578,           0.0063392,             0.00775,             0.00775,             0.00775
                  77,            0.042352,            0.026404,           0.0083958,             0.57016,             0.66122,             0.64295,             0.36556,            0.028088,            0.013456,           0.0063546,             0.00772,             0.00772,             0.00772
                  78,            0.042042,            0.025913,           0.0084863,             0.55215,             0.68134,             0.63647,             0.36364,            0.027724,            0.013366,           0.0066344,             0.00769,             0.00769,             0.00769
                  79,            0.041908,            0.025914,           0.0084778,             0.57066,              0.6748,             0.64214,              0.3636,            0.027537,            0.013418,            0.006432,             0.00766,             0.00766,             0.00766
                  80,            0.042407,            0.025366,            0.008533,             0.54427,             0.68358,             0.62853,             0.36134,            0.027108,            0.013392,            0.006534,             0.00763,             0.00763,             0.00763
                  81,            0.042141,             0.02581,           0.0084931,             0.56841,             0.69068,             0.65016,             0.37299,            0.026553,            0.013399,           0.0059565,              0.0076,              0.0076,              0.0076
                  82,            0.041851,            0.026348,           0.0084236,             0.56497,             0.68657,             0.64652,             0.36998,            0.027279,            0.013419,           0.0065126,             0.00757,             0.00757,             0.00757
                  83,            0.042079,            0.025848,           0.0083346,             0.55817,             0.69704,              0.6391,              0.3655,            0.027389,            0.013346,           0.0058675,             0.00754,             0.00754,             0.00754
                  84,            0.041911,            0.025228,           0.0082729,             0.54784,             0.69079,              0.6297,             0.36154,            0.026679,            0.013576,           0.0064101,             0.00751,             0.00751,             0.00751
                  85,            0.041824,            0.025486,           0.0083705,             0.56452,             0.67771,             0.62283,             0.35348,            0.027512,            0.013519,           0.0061646,             0.00748,             0.00748,             0.00748
                  86,            0.042274,            0.024881,           0.0083871,             0.55576,             0.69964,             0.63558,             0.36041,            0.027395,            0.013481,           0.0058502,             0.00745,             0.00745,             0.00745
                  87,            0.041871,             0.02552,           0.0083803,             0.55608,             0.69769,             0.63242,             0.35806,            0.027167,            0.013427,            0.006358,             0.00742,             0.00742,             0.00742
                  88,            0.041739,            0.025811,           0.0084606,             0.55803,             0.70263,             0.64967,             0.36773,            0.027352,             0.01343,           0.0062621,             0.00739,             0.00739,             0.00739
                  89,            0.041315,            0.025368,           0.0083215,             0.55325,             0.70959,             0.64828,             0.37618,            0.027261,            0.013462,           0.0061428,             0.00736,             0.00736,             0.00736
                  90,            0.041842,            0.026336,           0.0083013,             0.56174,              0.6892,             0.65054,             0.37347,            0.027208,            0.013463,           0.0063801,             0.00733,             0.00733,             0.00733
                  91,            0.041804,            0.025507,           0.0082651,             0.56351,             0.68246,             0.64888,             0.37363,             0.02667,            0.013541,           0.0060959,              0.0073,              0.0073,              0.0073
                  92,             0.04187,            0.025565,           0.0081366,             0.55409,             0.69852,             0.64438,             0.37451,            0.026798,            0.013516,           0.0061803,             0.00727,             0.00727,             0.00727
                  93,            0.041499,            0.025553,           0.0080814,             0.55534,             0.68693,             0.62642,             0.35378,            0.027059,            0.013504,           0.0066856,             0.00724,             0.00724,             0.00724
                  94,            0.041774,            0.025649,           0.0082379,             0.55029,             0.71138,             0.64087,             0.36999,            0.027031,            0.013395,           0.0064994,             0.00721,             0.00721,             0.00721
                  95,            0.041631,            0.025537,           0.0083197,             0.56089,             0.70603,             0.64331,             0.36916,            0.026615,            0.013498,           0.0062163,             0.00718,             0.00718,             0.00718
                  96,            0.041609,            0.024415,            0.008224,             0.56164,             0.67899,             0.63421,             0.36285,            0.027303,            0.013594,           0.0060144,             0.00715,             0.00715,             0.00715
                  97,             0.04076,            0.025171,           0.0079377,             0.55263,             0.69966,             0.63089,             0.36384,            0.026462,            0.013603,           0.0065467,             0.00712,             0.00712,             0.00712
                  98,            0.041659,            0.025019,           0.0083008,             0.56108,             0.70344,             0.64898,             0.37537,            0.025989,            0.013349,           0.0060576,             0.00709,             0.00709,             0.00709
                  99,            0.041479,            0.025568,           0.0080737,             0.54177,             0.69805,             0.63543,             0.36814,            0.026826,            0.013446,            0.006407,             0.00706,             0.00706,             0.00706
                 100,            0.041525,            0.025443,           0.0082519,              0.5598,             0.69243,             0.65126,             0.37535,            0.026214,            0.013412,           0.0061428,             0.00703,             0.00703,             0.00703
                 101,            0.041663,            0.025638,           0.0078016,             0.55779,             0.71446,             0.65618,             0.38101,            0.026512,            0.013461,           0.0061414,               0.007,               0.007,               0.007
                 102,            0.041546,            0.025412,           0.0080493,             0.54975,             0.71444,             0.64191,              0.3711,            0.026318,            0.013421,           0.0060264,             0.00697,             0.00697,             0.00697
                 103,            0.041267,            0.025001,           0.0079974,              0.5516,              0.7049,             0.64531,             0.37093,            0.026885,            0.013421,           0.0061267,             0.00694,             0.00694,             0.00694
                 104,            0.041412,            0.025329,           0.0077749,             0.55551,              0.6931,             0.64723,             0.37672,            0.026726,            0.013563,           0.0058264,             0.00691,             0.00691,             0.00691
                 105,            0.041643,            0.024889,           0.0079877,             0.58227,             0.67941,             0.65371,             0.37542,            0.026417,            0.013455,           0.0060483,             0.00688,             0.00688,             0.00688
                 106,            0.041288,            0.025006,           0.0080401,             0.55244,             0.69196,             0.64346,             0.37333,            0.026378,            0.013547,           0.0061595,             0.00685,             0.00685,             0.00685
                 107,             0.04081,            0.024833,           0.0079071,             0.53967,             0.71407,             0.64687,             0.37376,            0.026673,            0.013434,           0.0063033,             0.00682,             0.00682,             0.00682
                 108,            0.040859,            0.025362,           0.0079178,             0.54878,             0.70568,             0.64675,             0.37248,            0.025824,            0.013484,           0.0060241,             0.00679,             0.00679,             0.00679
                 109,            0.040934,             0.02491,           0.0080378,             0.54539,             0.72656,             0.65646,             0.37922,            0.026253,            0.013408,           0.0061034,             0.00676,             0.00676,             0.00676
                 110,            0.040757,             0.02537,            0.007671,             0.54947,              0.7139,             0.65349,             0.37706,            0.026414,            0.013564,            0.005971,             0.00673,             0.00673,             0.00673
                 111,            0.041141,            0.025703,           0.0078926,             0.56466,             0.69967,             0.64872,             0.37794,            0.026229,            0.013463,            0.005929,              0.0067,              0.0067,              0.0067
                 112,            0.040353,             0.02499,           0.0077672,              0.5531,             0.71052,             0.64912,             0.37725,            0.026533,            0.013523,           0.0058599,             0.00667,             0.00667,             0.00667
                 113,            0.040388,            0.024849,           0.0076474,             0.54618,             0.69485,             0.63982,             0.37212,            0.025985,            0.013452,           0.0062653,             0.00664,             0.00664,             0.00664
                 114,            0.040832,            0.025133,           0.0077932,             0.54158,             0.71021,             0.64968,             0.37395,            0.026404,            0.013441,            0.006249,             0.00661,             0.00661,             0.00661
                 115,            0.041022,            0.025206,           0.0078943,              0.5471,              0.7268,             0.65507,               0.382,            0.025806,            0.013511,           0.0059287,             0.00658,             0.00658,             0.00658
                 116,            0.040816,             0.02525,           0.0075305,             0.55168,             0.69023,               0.646,              0.3751,            0.025991,            0.013366,           0.0065409,             0.00655,             0.00655,             0.00655
                 117,             0.04051,            0.024739,           0.0076956,             0.55096,             0.71059,             0.64684,             0.37828,            0.025933,            0.013499,           0.0061293,             0.00652,             0.00652,             0.00652
                 118,            0.040623,            0.025238,           0.0078155,             0.56092,             0.69876,             0.65353,             0.38134,            0.026124,            0.013491,           0.0059646,             0.00649,             0.00649,             0.00649
                 119,             0.04103,            0.025742,           0.0076575,             0.55271,             0.71575,             0.64113,             0.37027,            0.026144,            0.013464,           0.0062319,             0.00646,             0.00646,             0.00646
                 120,             0.04061,            0.025029,           0.0074577,             0.54719,             0.72057,             0.65013,             0.37715,            0.026033,            0.013462,           0.0063754,             0.00643,             0.00643,             0.00643
                 121,            0.040753,            0.024949,           0.0075725,              0.5673,             0.68477,             0.64474,             0.37667,            0.026584,            0.013494,           0.0060998,              0.0064,              0.0064,              0.0064
                 122,            0.040634,            0.025749,           0.0075419,             0.56124,             0.70095,              0.6524,             0.38235,            0.026052,            0.013499,           0.0064189,             0.00637,             0.00637,             0.00637
                 123,            0.040362,            0.025201,            0.007559,             0.55801,             0.70487,             0.65301,             0.38397,            0.026491,            0.013459,           0.0065924,             0.00634,             0.00634,             0.00634
                 124,            0.040372,            0.024722,           0.0075469,             0.55258,             0.72561,             0.65066,             0.37766,             0.02614,            0.013461,           0.0063912,             0.00631,             0.00631,             0.00631
                 125,            0.040265,            0.024673,            0.007622,             0.55233,             0.70926,               0.645,              0.3771,            0.027029,            0.013484,           0.0066415,             0.00628,             0.00628,             0.00628
                 126,            0.041087,            0.025077,           0.0076436,             0.55791,             0.70807,             0.64423,             0.37663,             0.02654,            0.013556,           0.0064207,             0.00625,             0.00625,             0.00625
                 127,            0.040255,            0.024943,            0.007593,             0.57238,             0.69238,              0.6407,             0.37188,            0.025985,            0.013599,           0.0066354,             0.00622,             0.00622,             0.00622
                 128,            0.040743,            0.024791,           0.0077692,             0.55255,             0.69004,             0.64509,             0.37851,            0.026127,            0.013617,           0.0065376,             0.00619,             0.00619,             0.00619
                 129,            0.040298,            0.024548,           0.0073699,              0.5577,             0.69321,             0.64877,             0.37979,            0.026147,            0.013509,           0.0067071,             0.00616,             0.00616,             0.00616
                 130,            0.040386,            0.025297,           0.0075839,             0.55528,             0.71237,             0.65974,             0.38584,            0.025712,            0.013415,           0.0065163,             0.00613,             0.00613,             0.00613
                 131,            0.040401,            0.024499,           0.0075497,             0.56034,             0.69082,             0.64625,             0.37538,            0.025571,            0.013611,            0.006353,              0.0061,              0.0061,              0.0061
                 132,            0.040876,             0.02527,           0.0077062,             0.54347,             0.72991,             0.64169,             0.37574,            0.025548,            0.013599,           0.0064929,             0.00607,             0.00607,             0.00607
                 133,            0.039465,            0.024364,           0.0074441,             0.56144,             0.69471,             0.65214,             0.38365,            0.025555,            0.013663,           0.0062132,             0.00604,             0.00604,             0.00604
                 134,            0.040528,            0.024812,           0.0075404,             0.56837,             0.70103,             0.65239,             0.38139,            0.026264,            0.013573,           0.0063417,             0.00601,             0.00601,             0.00601
                 135,            0.040172,            0.025473,           0.0075099,             0.55753,             0.71503,             0.65067,             0.37806,            0.025983,            0.013561,           0.0062487,             0.00598,             0.00598,             0.00598
                 136,            0.040702,            0.025607,           0.0073779,             0.56142,             0.69614,             0.65175,             0.38148,            0.026005,            0.013447,           0.0063515,             0.00595,             0.00595,             0.00595
                 137,            0.039828,            0.024603,           0.0075086,             0.54492,             0.72463,             0.64376,             0.37897,            0.026138,            0.013517,           0.0062002,             0.00592,             0.00592,             0.00592
                 138,            0.040571,            0.025151,           0.0075114,             0.55272,             0.71599,             0.64892,             0.38225,            0.026387,            0.013528,           0.0063869,             0.00589,             0.00589,             0.00589
                 139,             0.04009,             0.02523,            0.007336,             0.56996,             0.70992,             0.64962,             0.38383,            0.026348,            0.013611,           0.0061472,             0.00586,             0.00586,             0.00586
                 140,            0.040209,            0.025637,           0.0072743,             0.56042,             0.69501,             0.65696,               0.389,            0.025813,            0.013667,           0.0060324,             0.00583,             0.00583,             0.00583
                 141,            0.040021,            0.024267,           0.0073158,             0.54103,             0.72411,             0.64339,             0.37968,            0.026033,            0.013693,           0.0064275,              0.0058,              0.0058,              0.0058
                 142,            0.039982,            0.024425,           0.0073176,              0.5411,              0.7329,             0.64634,             0.38266,            0.025832,            0.013671,           0.0064967,             0.00577,             0.00577,             0.00577
                 143,            0.039793,            0.024753,            0.007184,             0.54847,              0.7105,             0.64057,             0.37759,            0.025651,            0.013758,           0.0065192,             0.00574,             0.00574,             0.00574
                 144,            0.039993,             0.02508,           0.0073788,             0.54746,             0.70357,             0.63955,             0.37607,             0.02581,            0.013811,           0.0065344,             0.00571,             0.00571,             0.00571
                 145,             0.03978,            0.024734,           0.0073401,             0.55535,             0.69195,             0.65126,             0.38395,            0.026269,             0.01365,           0.0067978,             0.00568,             0.00568,             0.00568
                 146,            0.040538,            0.024747,           0.0071588,             0.55625,             0.68661,             0.65004,             0.38201,             0.02643,            0.013589,           0.0069849,             0.00565,             0.00565,             0.00565
                 147,            0.039482,            0.024599,           0.0071086,             0.54697,             0.69382,             0.64327,             0.37863,            0.026324,            0.013625,           0.0068714,             0.00562,             0.00562,             0.00562
                 148,            0.039997,             0.02517,           0.0073219,             0.56025,             0.67504,              0.6451,             0.37843,             0.02607,            0.013738,           0.0064447,             0.00559,             0.00559,             0.00559
                 149,            0.040104,            0.024265,           0.0072843,             0.54565,             0.71468,             0.65127,             0.38518,            0.025976,             0.01365,           0.0063525,             0.00556,             0.00556,             0.00556
                 150,            0.039896,            0.025253,           0.0072894,             0.53556,              0.7432,             0.65565,              0.3875,             0.02575,            0.013609,            0.006303,             0.00553,             0.00553,             0.00553
                 151,            0.039507,            0.024761,           0.0070432,             0.54732,             0.72576,             0.66584,              0.3918,            0.025932,            0.013593,           0.0060701,              0.0055,              0.0055,              0.0055
                 152,            0.040005,            0.024411,           0.0069478,             0.53298,             0.72516,             0.65693,             0.39093,             0.02597,            0.013679,            0.006128,             0.00547,             0.00547,             0.00547
                 153,            0.040082,            0.024258,           0.0071428,             0.54895,             0.69691,             0.65275,             0.38742,            0.026221,            0.013644,           0.0061939,             0.00544,             0.00544,             0.00544
                 154,            0.040042,            0.024599,           0.0071411,             0.53984,             0.72367,             0.65523,             0.38769,            0.026268,            0.013551,           0.0064876,             0.00541,             0.00541,             0.00541
                 155,             0.03984,            0.024902,           0.0070206,               0.559,             0.69889,             0.65996,             0.39057,            0.025654,            0.013607,           0.0064611,             0.00538,             0.00538,             0.00538
                 156,            0.039975,             0.02404,             0.00718,             0.56182,             0.69963,             0.65995,              0.3909,            0.025617,             0.01369,           0.0063376,             0.00535,             0.00535,             0.00535
                 157,            0.039716,            0.024152,           0.0069537,             0.57817,             0.68373,             0.65844,             0.38943,            0.025542,            0.013694,           0.0066021,             0.00532,             0.00532,             0.00532
                 158,            0.039672,            0.024659,           0.0069898,             0.55707,             0.70779,             0.66197,             0.39168,            0.025537,             0.01368,           0.0063153,             0.00529,             0.00529,             0.00529
                 159,            0.039612,            0.024165,           0.0070721,             0.57268,             0.69473,             0.65476,             0.38787,            0.025872,            0.013722,            0.006524,             0.00526,             0.00526,             0.00526
                 160,              0.0394,            0.024722,           0.0069498,             0.55335,             0.71372,             0.65584,             0.38894,            0.025281,            0.013712,            0.006547,             0.00523,             0.00523,             0.00523
                 161,            0.040031,            0.024641,           0.0072357,             0.56221,             0.68601,             0.65709,             0.38872,            0.025392,            0.013671,           0.0064721,              0.0052,              0.0052,              0.0052
                 162,            0.039462,              0.0246,           0.0070717,             0.56308,             0.69962,             0.66036,             0.39015,            0.025302,            0.013602,            0.006267,             0.00517,             0.00517,             0.00517
                 163,            0.039378,            0.024204,           0.0069264,             0.55809,             0.71039,             0.66094,             0.39129,            0.025438,            0.013629,           0.0062446,             0.00514,             0.00514,             0.00514
                 164,             0.03923,            0.024553,           0.0067278,             0.55165,             0.72664,             0.66191,             0.39138,            0.025556,            0.013601,           0.0063154,             0.00511,             0.00511,             0.00511
                 165,            0.039909,            0.025192,           0.0069317,             0.54757,             0.72614,             0.65769,             0.38917,            0.025839,             0.01365,           0.0065169,             0.00508,             0.00508,             0.00508
                 166,            0.039108,            0.024371,           0.0068799,             0.55452,             0.71708,              0.6524,             0.38648,            0.025799,             0.01377,           0.0065413,             0.00505,             0.00505,             0.00505
                 167,            0.039117,            0.024519,           0.0069284,             0.54832,             0.71305,             0.65003,             0.38579,            0.025515,            0.013718,           0.0066214,             0.00502,             0.00502,             0.00502
                 168,            0.038921,            0.024423,           0.0068739,             0.54809,             0.72106,             0.65495,             0.38846,            0.025518,            0.013695,           0.0065842,             0.00499,             0.00499,             0.00499
                 169,            0.039146,            0.025031,           0.0069319,             0.55572,             0.70622,             0.65522,             0.38883,            0.025662,            0.013742,           0.0062804,             0.00496,             0.00496,             0.00496
                 170,            0.039262,            0.024285,           0.0067022,             0.54738,              0.7178,             0.65265,             0.38495,            0.025805,            0.013737,           0.0065157,             0.00493,             0.00493,             0.00493
                 171,            0.039026,            0.024837,           0.0068965,             0.55365,             0.71195,             0.65424,             0.38452,            0.025728,              0.0137,           0.0063507,              0.0049,              0.0049,              0.0049
